Workbook

Sheet RAB RNR
D2: PT ENERGI BATUBARA LESTARI RENCANA ANGGARAN BULANAN (RAB) Departemen HCGA
B5: Hasnur Group
B7: Lokasi | E7: : Site EBL - RANTAU | G7: Periode | J7: Halaman : 1/1
G8: Bulan : Oktober Tahun : 2026
N9: jika total nilai >25jt (Approval s/d Pak Rahmad)
B10: Kepada | D10: Finance HO | N10: Disetujui Oleh,
B11: Up. | N11: Operation & HCA Director
B12: No. RAB
B14: Tanggal | N14: Rahmad Pudjotomo
N15: Tanggal :
B17: NO. | C17: Kode WBS / Cost Center | D17: Desc. WBS | E17: Uraian | F17: Minggu I | G17: Minggu II | H17: Minggu III | I17: Minggu IV | J17: Total
B19: 1 | D19: =VLOOKUP(C19,WBS!$B:$C,2,0) -> #N/A | E19: Keperluan ATK | F19: =ATK!H20 -> 0 | G19: =ATK!H35 -> 0 | H19: =ATK!H50 -> 0 | I19: =ATK!H65 -> 0 | J19: =SUM(F19:I19) -> 0
B20: =1+B19 -> 2 | E20: Keperluan BBM | F20: =BBM!H20 -> 0 | G20: =BBM!H35 -> 0 | H20: =BBM!H50 -> 0 | I20: =BBM!H65 -> 0 | J20: =SUM(F20:I20) -> 0
B21: =1+B20 -> 3 | E21: Kebutuhan Catering | F21: =Catering!H20 -> 0 | G21: =BBM!H36 -> 0 | H21: =Catering!H52 -> 0 | I21: =Catering!H67 -> 0 | J21: =SUM(F21:I21) -> 0
B22: =1+B21 -> 4 | E22: Perdin & Cuti Karyawan | F22: ='Perdin & Cuti'!H20 -> 0 | G22: ='Perdin & Cuti'!H35 -> 0 | H22: ='Perdin & Cuti'!H50 -> 0 | I22: ='Perdin & Cuti'!H65 -> 0 | J22: =SUM(F22:I22) -> 0
B23: =1+B22 -> 5 | E23: Keperluan Listrik PLN | F23: ='Listrik PLN'!H15 -> 0 | G23: ='Listrik PLN'!H25 -> 0 | H23: ='Listrik PLN'!H35 -> 0 | I23: ='Listrik PLN'!H45 -> 0 | J23: =SUM(F23:I23) -> 0
B24: =1+B23 -> 6 | E24: Keperluan Air PDAM | F24: ='Air PDAM'!H16 -> 0 | G24: ='Air PDAM'!H26 -> 0 | H24: ='Air PDAM'!H36 -> 0 | I24: ='Air PDAM'!H46 -> 0 | J24: =SUM(F24:I24) -> 0
B25: =1+B24 -> 7 | E25: Keperluan Telp & Internet | F25: ='Telp & Internet'!H17 -> 0 | G25: ='Telp & Internet'!H27 -> 0 | H25: ='Telp & Internet'!H37 -> 0 | I25: ='Telp & Internet'!H47 -> 0 | J25: =SUM(F25:I25) -> 0
B26: =1+B25 -> 8 | E26: Keperluan Pantry | F26: =Pantry!H21 -> 0 | G26: =Pantry!H37 -> 0 | H26: =Pantry!H53 -> 0 | I26: =Pantry!H69 -> 0 | J26: =SUM(F26:I26) -> 0
B27: =1+B26 -> 9 | E27: Keperluan Upah KHL | F27: =KHL!H20 -> 0 | G27: =KHL!H35 -> 0 | H27: =KHL!H50 -> 0 | I27: =KHL!H65 -> 0 | J27: =SUM(F27:I27) -> 0
B28: =1+B27 -> 10 | E28: Keperluan Pengajian | J28: =SUM(F28:I28) -> 0
B29: =1+B28 -> 11 | J29: =SUM(F29:I29) -> 0
B30: =1+B29 -> 12 | E30: Keperluan …..... | J30: =SUM(F30:I30) -> 0
B31: =1+B30 -> 13 | E31: Keperluan …..... | J31: =SUM(F31:I31) -> 0
B32: =1+B31 -> 14 | E32: Keperluan …..... | J32: =SUM(F32:I32) -> 0
B33: Total | F33: =SUM(F19:F28) -> 0 | G33: =SUM(G19:G28) -> 0 | H33: =SUM(H19:H28) -> 0 | I33: =SUM(I19:I28) -> 0 | J33: =SUM(J19:J28) -> 0
